cc,last_emailed,last_visited
1246,2026-08-24,
477hospitalitygroup,2026-08-24,
89charles,2026-09-25,
aceituna,2026-08-24,
alcove,2026-08-24,
allinallday,2026-08-24,
alpinegroup,2026-08-24,
althea,2026-08-24,
bakey,2026-09-25,
balancepatch,2026-09-25,
cafeamaro,2026-09-25,
civilitysocial,2026-09-25,
dali,2026-08-24,
eljefesbc,2026-08-24,
eljefesbu,2026-08-24,
eljefesks,2026-08-24,
eljefesne,2026-08-24,
felipes,2026-09-21,2026-09-21
flatbreadbrighton,2026-09-25,
franklinrg,2026-08-24,
gsrestaurant,2026-09-25,
hue,2026-08-24,
lumi,2026-09-25,
meimei,2026-08-27,
mesob,2026-08-24,
mimischukadiner,2026-09-25,
mnmrestaurantgroupllc,2026-09-25,
moona,2026-08-24,
papagayo,2026-09-25,
pizza2025,2026-09-25,
pkl,2026-09-25,
seasontogo,2026-09-25,
sicara,2026-08-24,
stellaspizza,2026-09-25,
tabernadeharo,2026-08-24,
tbcorp,2026-08-24,
thegreatestbar,2026-08-24,
thejungleclub,2026-09-25,
tresislas,2026-08-24,
tridentbookscafe,2026-09-04,2026-09-08
veggiegalaxy,2026-09-16,2026-09-15
viale,2026-08-24,
